Wikidata Page,Name,Residence,Gender,Long,Lat
http://www.wikidata.org/entity/Q43911732,Arniston,"Arniston, Midlothian",Female,-3.05 ,55.83
http://www.wikidata.org/entity/Q43910717,Christian Shaw,Bargarran,Female,-4.464613 ,55.908428
http://www.wikidata.org/entity/Q43913924,Issobel Ker,Ayton,Female,-2.12301 ,55.8425
http://www.wikidata.org/entity/Q43911839,Janet Lyn,Glasgow,Female,-4.27 ,55.87
http://www.wikidata.org/entity/Q43911837,Janet MacDougall,Crichton,Female,-2.98249 ,55.8471
http://www.wikidata.org/entity/Q43915949,Janet Stewart,Canongate,Female,-3.1793 ,55.9517
http://www.wikidata.org/entity/Q43915960,Margaret Miller,Prestonpans,Female,-2.961 ,55.9597
http://www.wikidata.org/entity/Q43915966,Margaret Robeson,Prestonpans,Female,-2.961 ,55.9597
http://www.wikidata.org/entity/Q43912241,Adam Campbell,Gargunnock,Male,-4.08485 ,56.1256
http://www.wikidata.org/entity/Q43912068,Adam Cockburn,Ormiston,Male,-2.94306 ,55.9122
http://www.wikidata.org/entity/Q43913268,Adam Gemmill,Renfrew,Male,-4.366666666 ,55.866666666
http://www.wikidata.org/entity/Q43914471,Adam Murray,"Cardrona, Scottish Borders",Male,-3.1121 ,55.6401
http://www.wikidata.org/entity/Q43912255,Adam Sinclair,Orkney Islands,Male,-3.0 ,59.0
http://www.wikidata.org/entity/Q43912656,Adam Wauchope,Cakemuir,Male,-2.939598 ,55.82242
http://www.wikidata.org/entity/Q43913733,Alexander Baillie,"Preston, East Lothian",Male,-2.979 ,55.9547
http://www.wikidata.org/entity/Q43913013,Alexander Bower,Kincaldrum,Male,-2.93026 ,56.5911
http://www.wikidata.org/entity/Q43914046,Alexander Brodie,Nairn,Male,-3.866666666 ,57.583333333
http://www.wikidata.org/entity/Q43913313,Alexander Brown,Aberdeen,Male,-2.1 ,57.15
http://www.wikidata.org/entity/Q43911545,Alexander Cockburn,"Letham, Falkirk",Male,-3.7741 ,56.0513
http://www.wikidata.org/entity/Q43912735,Alexander Cuningham,Craigends,Male,-4.525 ,55.861111111
http://www.wikidata.org/entity/Q43915274,Alexander Edgar,Edinburgh,Male,-3.1989 ,55.95
http://www.wikidata.org/entity/Q43915348,Alexander Edsley,Newbattle,Male,-3.0775 ,55.8817
http://www.wikidata.org/entity/Q43915952,Alexander Fairlie,Niddry,Male,-3.458308 ,55.949861
http://www.wikidata.org/entity/Q43911561,Alexander Gordon,Earlston,Male,-2.667 ,55.633
http://www.wikidata.org/entity/Q43914913,Alexander Hamilton,Innerwick,Male,-2.45043 ,55.9573
http://www.wikidata.org/entity/Q43910539,Alexander Innes,Dunscaith,Male,-5.975553 ,57.136428
http://www.wikidata.org/entity/Q43914972,Alexander Irving,Drumoak,Male,-2.33828 ,57.0862
http://www.wikidata.org/entity/Q43912828,Alexander Lennox,Grange,Male,-1.8083 ,57.5064
http://www.wikidata.org/entity/Q43910584,Alexander Livingston,Saltcoats,Male,-4.7896 ,55.6352
http://www.wikidata.org/entity/Q43913049,Alexander Malloch,Cairns,Male,-3.4406 ,56.6021
http://www.wikidata.org/entity/Q43912133,Alexander Morrison,Prestongrange,Male,-2.996 ,55.9523
http://www.wikidata.org/entity/Q43914431,Alexander Murray,Eddleston,Male,-3.20651 ,55.712
http://www.wikidata.org/entity/Q43915981,Alexander Newton,Newburgh,Male,-3.2383 ,56.3517
http://www.wikidata.org/entity/Q43916208,Alexander Orrock,Fife,Male,-3.2 ,56.25
http://www.wikidata.org/entity/Q43910709,Alexander Stewart,"Blantyre, South Lanarkshire",Male,-4.097 ,55.793
http://www.wikidata.org/entity/Q43915823,Alexander Stratton,Lauriston,Male,-3.196944444 ,55.945
http://www.wikidata.org/entity/Q43915481,Alexander Torrie,Mordington,Male,-2.08333333 ,55.8
http://www.wikidata.org/entity/Q43912199,Alexander Wedderburn,"Blackness, Falkirk",Male,-3.522011111 ,56.003652777
http://www.wikidata.org/entity/Q43911357,Alexander Wood,Stenton,Male,-2.6 ,55.95
http://www.wikidata.org/entity/Q43911226,Allan Dougall,Polloktoun,Male,-4.303161 ,55.821571
http://www.wikidata.org/entity/Q43911095,Andrew Gaw,Aberdeen,Male,-2.1 ,57.15
http://www.wikidata.org/entity/Q43914635,Andrew Haitlie,Berwickshire,Male,-2.5 ,55.75
http://www.wikidata.org/entity/Q43913636,Andrew Hamilton,Bo'ness,Male,-3.608911111 ,56.016811111
http://www.wikidata.org/entity/Q43911131,Andrew Lesk,Orphir,Male,-3.15 ,58.9333
http://www.wikidata.org/entity/Q43912628,Andrew Moncreiff,Boghall,Male,-4.542073 ,55.897733
http://www.wikidata.org/entity/Q43913696,Andrew Ramsay,Edinburgh,Male,-3.1989 ,55.95
http://www.wikidata.org/entity/Q43913708,Andrew White,Edinburgh,Male,-3.1989 ,55.95
http://www.wikidata.org/entity/Q43914028,Archibald Dunbar,Penicuik,Male,-3.22 ,55.826
http://www.wikidata.org/entity/Q43913294,Archibald Edmistoun,Stirling,Male,-3.9369 ,56.1166
http://www.wikidata.org/entity/Q43916235,Archibald Elliot,Drem,Male,-2.78735 ,56.0059
http://www.wikidata.org/entity/Q43911997,Archibald Murray,"Spott, East Lothian",Male,-2.52417 ,55.9722
http://www.wikidata.org/entity/Q43913840,Archibald Purves,Haddington,Male,-2.78332 ,55.95612
http://www.wikidata.org/entity/Q43911329,Archibald Stewart,North Berwick,Male,-2.717 ,56.058
http://www.wikidata.org/entity/Q43915942,Archibald Stirling,Keir,Male,-3.795 ,55.219
http://www.wikidata.org/entity/Q43916064,Arthur Skene,"Tulloch, Perth and Kinross",Male,-3.468 ,56.413
http://www.wikidata.org/entity/Q43915241,Charles Murray,Newton,Male,-3.069835 ,55.917035
http://www.wikidata.org/entity/Q43914517,Christopher Baillie,Walston,Male,-3.5 ,55.7
http://www.wikidata.org/entity/Q43914600,Claud Hamilton,Kilwinning,Male,-4.7 ,55.65
http://www.wikidata.org/entity/Q43913341,Cockburn,Ormiston,Male,-2.94306 ,55.9122
http://www.wikidata.org/entity/Q43910546,Colin MacKenzie,Kincraig,Male,-3.9341 ,57.1283
http://www.wikidata.org/entity/Q43912952,Cornelius Crawford,Jordanhill,Male,-4.33889 ,55.8838
http://www.wikidata.org/entity/Q43912439,Cornelius Inglis,West Barns,Male,-2.553 ,55.9937
http://www.wikidata.org/entity/Q43915083,Cuningham,Fife,Male,-3.2 ,56.25
http://www.wikidata.org/entity/Q43915719,David Blair,Ayrshire,Male,-4.635836 ,55.461053
http://www.wikidata.org/entity/Q43915902,David Borthwick,Fala,Male,-2.88333 ,55.8333
http://www.wikidata.org/entity/Q43913551,David Chalmer,Keith,Male,-2.9555 ,57.5428
http://www.wikidata.org/entity/Q43915573,David Crichton,Lugton,Male,-4.52764 ,55.7439
http://www.wikidata.org/entity/Q43913305,David Deik,Aberdeen,Male,-2.1 ,57.15
http://www.wikidata.org/entity/Q43914828,David Graham,Fintry,Male,-4.22404 ,56.0533
http://www.wikidata.org/entity/Q43913862,David Hewstone,Haddington,Male,-2.78332 ,55.95612
http://www.wikidata.org/entity/Q43911801,David Lindsay,Kirkliston,Male,-3.4 ,55.95
http://www.wikidata.org/entity/Q43915147,David Livingston,Dalkeith,Male,-3.068332 ,55.893642
http://www.wikidata.org/entity/Q43915970,David Mill,Ayr,Male,-4.6278 ,55.4639
http://www.wikidata.org/entity/Q43912954,David Ogilvie,"Clova, Angus",Male,-3.10485 ,56.8436
http://www.wikidata.org/entity/Q43914056,David Smith,Auldearn,Male,-3.81595 ,57.5765
http://www.wikidata.org/entity/Q43916049,Donald Urquhart,Chanonry Point,Male,-4.09861 ,57.5722
http://www.wikidata.org/entity/Q43912493,Drummond,Hawthornden,Male,-3.1277 ,55.8594
http://www.wikidata.org/entity/Q43914805,Duncan Bain,Logie Coldstone,Male,-2.93528 ,57.1267
http://www.wikidata.org/entity/Q43914803,Duncan Forbes,Culloden,Male,-4.13532 ,57.4897
http://www.wikidata.org/entity/Q43911813,Edward Edgar,Edinburgh,Male,-3.1989 ,55.95
http://www.wikidata.org/entity/Q43913516,Edward Sinclair,Orkney Islands,Male,-3.0 ,59.0
http://www.wikidata.org/entity/Q43911072,Esselmont,Ellon,Male,-2.086 ,57.366
http://www.wikidata.org/entity/Q43914290,Florence Gardener,Grangepans,Male,-3.582394 ,56.017418
http://www.wikidata.org/entity/Q43911348,Francis Kinloch,Gilmerton,Male,-3.13083 ,55.905
http://www.wikidata.org/entity/Q43913364,Francis Montgomery,Renfrew,Male,-4.366666666 ,55.866666666
http://www.wikidata.org/entity/Q43913153,Fraser,Inverness,Male,-4.225833333 ,57.483888888
http://www.wikidata.org/entity/Q43915286,G. Dalgleish,Liberton,Male,-3.1619 ,55.9144
http://www.wikidata.org/entity/Q43912589,Gavin Adamson,Newburgh,Male,-3.2383 ,56.3517
http://www.wikidata.org/entity/Q43913952,Gavin Cochrane,Renfrewshire,Male,-4.389464 ,55.877277
http://www.wikidata.org/entity/Q43910557,Gavin Elliot,Grange,Male,-1.8083 ,57.5064
http://www.wikidata.org/entity/Q43915156,Gavin Nisbet,"Muirhouses, Falkirk",Male,-3.576 ,56.007
http://www.wikidata.org/entity/Q43914205,George Allan,Bo'ness,Male,-3.608911111 ,56.016811111
http://www.wikidata.org/entity/Q43913309,George Bands,Aberdeen,Male,-2.1 ,57.15
http://www.wikidata.org/entity/Q43910586,George Begbie,Bolton,Male,-2.79042 ,55.9205
http://www.wikidata.org/entity/Q43915171,George Boswell,Kirkcaldy,Male,-3.167369444 ,56.110730555
http://www.wikidata.org/entity/Q43911969,George Brown,Scotstoun,Male,-3.3646 ,55.6937
http://www.wikidata.org/entity/Q43915388,George Bruce,Carnock,Male,-3.54 ,56.084
http://www.wikidata.org/entity/Q43912319,George Douglas,Bonjedward,Male,-2.5457 ,55.5038
http://www.wikidata.org/entity/Q43914192,George Dundas,Duddingston,Male,-3.14673 ,55.9416
http://www.wikidata.org/entity/Q43915781,George Durie,St Andrews,Male,-2.798888888 ,56.338888888
http://www.wikidata.org/entity/Q43912547,George Forrester,Corstorphine,Male,-3.2854 ,55.9429
http://www.wikidata.org/entity/Q43914248,George Foulis,Ravelston,Male,-3.24778 ,55.9531
http://www.wikidata.org/entity/Q43913557,George Halliday,Peaston,Male,-2.915091 ,55.878235
http://www.wikidata.org/entity/Q43914748,George Hamilton,Blackburn,Male,-3.6215 ,55.8725
http://www.wikidata.org/entity/Q43912583,George Hay,Naughton,Male,-3.0162 ,56.4101
http://www.wikidata.org/entity/Q43912361,George Livingston,Saltcoats,Male,-4.7896 ,55.6352
http://www.wikidata.org/entity/Q43913303,George Nicolson,Aberdeen,Male,-2.1 ,57.15
http://www.wikidata.org/entity/Q43910576,George Patrick,Bolton,Male,-2.79042 ,55.9205
http://www.wikidata.org/entity/Q43911253,George Pollock,Polloktoun,Male,-4.303161 ,55.821571
http://www.wikidata.org/entity/Q43914583,George Ronaldson,"Braidwood, South Lanarkshire",Male,-3.83333 ,55.7
http://www.wikidata.org/entity/Q43916221,George Seton,West Barns,Male,-2.553 ,55.9937
http://www.wikidata.org/entity/Q43915262,George Sheil,Liberton,Male,-3.1619 ,55.9144
http://www.wikidata.org/entity/Q43911965,George Tait,Pirn,Male,-3.05357 ,55.622546
http://www.wikidata.org/entity/Q43916241,George Temple,Dirleton,Male,-2.785 ,56.048
http://www.wikidata.org/entity/Q43916213,George Young,Renfrew,Male,-4.366666666 ,55.866666666
http://www.wikidata.org/entity/Q43915817,Gilbert Ramsay,Balmain,Male,-2.5773 ,56.8422
http://www.wikidata.org/entity/Q43913290,Gilbert Robertson,Stirling,Male,-3.9369 ,56.1166
http://www.wikidata.org/entity/Q43913959,Hamilton John,Renfrewshire,Male,-4.389464 ,55.877277
http://www.wikidata.org/entity/Q43913758,Harry Burnie,Clackmannan,Male,-3.74652 ,56.1091
http://www.wikidata.org/entity/Q43911055,Harry Drummond,Aberdeen,Male,-2.1 ,57.15
http://www.wikidata.org/entity/Q43912794,Harry MacDougall,Makerstoun,Male,-2.524281 ,55.585549
http://www.wikidata.org/entity/Q43912970,Hector Bellenden,"Kames, Argyll",Male,-5.24306 ,55.8919
http://www.wikidata.org/entity/Q43912906,Hector MacKenzie,Assynt,Male,-5.0505 ,58.215
http://www.wikidata.org/entity/Q43915443,Henry Adamson,Perth,Male,-3.4317 ,56.3953
http://www.wikidata.org/entity/Q43915224,Henry Haliburton,Gogar,Male,-3.33333 ,55.9167
http://www.wikidata.org/entity/Q43915987,Henry Lumsden,Edinburgh,Male,-3.1989 ,55.95
http://www.wikidata.org/entity/Q43914513,Henry Scott,Mossfennan,Male,-3.4012 ,55.5707
http://www.wikidata.org/entity/Q43913534,Henry Stewart,Orkney Islands,Male,-3.0 ,59.0
http://www.wikidata.org/entity/Q43916201,Hew Blair,Renfrewshire,Male,-4.389464 ,55.877277
http://www.wikidata.org/entity/Q43910004,Home George,Manderston,Male,-2.3045 ,55.7816
http://www.wikidata.org/entity/Q43911099,Hugh Crawford,Whitehill,Male,-3.030577 ,55.886446
http://www.wikidata.org/entity/Q43912692,Hugh Henryson,Dumfries,Male,-3.616666666 ,55.066666666
http://www.wikidata.org/entity/Q43915716,Hugh Wallace,Craigie,Male,-4.49413 ,55.56112
http://www.wikidata.org/entity/Q43911024,Irvine Alexander,Drumoak,Male,-2.33828 ,57.0862
http://www.wikidata.org/entity/Q43914862,Isobel Douglas,Dunkeld,Male,-3.583333333 ,56.558333333
http://www.wikidata.org/entity/Q43916180,Isobel Young,West Barns,Male,-2.553 ,55.9937
http://www.wikidata.org/entity/Q43911652,J Livingston,Dunipace,Male,-3.914072222 ,56.028236111
http://www.wikidata.org/entity/Q43910620,James Acheson,North Berwick,Male,-2.717 ,56.058
http://www.wikidata.org/entity/Q43915833,James Aides,Kinneff,Male,-2.23847 ,56.8647
http://www.wikidata.org/entity/Q43911124,James Aitken,Orkney Islands,Male,-3.0 ,59.0
http://www.wikidata.org/entity/Q43912040,James Anderson,Prestonpans,Male,-2.961 ,55.9597
http://www.wikidata.org/entity/Q43914965,James Baillie,Lochend,Male,-4.3379 ,57.4091
http://www.wikidata.org/entity/Q43918632,James Boyd,Temple,Male,-3.08333 ,55.8
http://www.wikidata.org/entity/Q43913560,James Cairntoun,Lothian,Male,-3.0844 ,55.9092
http://www.wikidata.org/entity/Q43913579,James Cornwall,Bonhard,Male,-3.5754 ,56.0005
http://www.wikidata.org/entity/Q43913837,James Cowan,Haddington,Male,-2.78332 ,55.95612
http://www.wikidata.org/entity/Q43912022,James Crombie,East Barns,Male,-2.4548 ,55.978
http://www.wikidata.org/entity/Q43915836,James Deskford,Aberdeenshire,Male,-2.123 ,57.151
http://www.wikidata.org/entity/Q43911842,James Dougall,Glasgow,Male,-4.27 ,55.87
http://www.wikidata.org/entity/Q43914047,James Dunbar,Nairn,Male,-3.866666666 ,57.583333333
http://www.wikidata.org/entity/Q43913275,James Fea,Orkney Islands,Male,-3.0 ,59.0
http://www.wikidata.org/entity/Q43913646,James Finke,Prestonpans,Male,-2.961 ,55.9597
http://www.wikidata.org/entity/Q43911469,James Fleming,Yester,Male,-2.742843 ,55.890882
http://www.wikidata.org/entity/Q43913630,James Floss,Bo'ness,Male,-3.608911111 ,56.016811111
http://www.wikidata.org/entity/Q43910614,James Foreman,Drem,Male,-2.78735 ,56.0059
http://www.wikidata.org/entity/Q43913643,James Gourlay,Prestonpans,Male,-2.961 ,55.9597
http://www.wikidata.org/entity/Q43915752,James Gray,Lanark,Male,-3.77702 ,55.6749
http://www.wikidata.org/entity/Q43911260,James Haddey,Corstorphine,Male,-3.2854 ,55.9429
http://www.wikidata.org/entity/Q43914993,James Halden,Gleneagles,Male,-3.7525 ,56.280833
http://www.wikidata.org/entity/Q43914885,James Heislop,Crichton,Male,-2.98249 ,55.8471
http://www.wikidata.org/entity/Q43915337,James Hogg,Dalkeith,Male,-3.068332 ,55.893642
http://www.wikidata.org/entity/Q43911539,James Jollie,Prestonpans,Male,-2.961 ,55.9597
http://www.wikidata.org/entity/Q43915079,James Lermond,Crail,Male,-2.6263 ,56.2608
http://www.wikidata.org/entity/Q43913555,James Liddell,Peaston,Male,-2.915091 ,55.878235
http://www.wikidata.org/entity/Q43915741,James Lockhart,Lanark,Male,-3.77702 ,55.6749
http://www.wikidata.org/entity/Q43913300,James Logan,Kirkcudbright,Male,-4.051666666 ,54.835277777
http://www.wikidata.org/entity/Q43915800,James MacDonald,Sleat,Male,-5.93223 ,57.1102
http://www.wikidata.org/entity/Q43914157,James Neilson,Whittingehame,Male,-2.6333 ,55.95
http://www.wikidata.org/entity/Q43914882,James Newton,Crichton,Male,-2.98249 ,55.8471
http://www.wikidata.org/entity/Q43914782,James Nicolson,Cockburnspath,Male,-2.36018 ,55.9329
http://www.wikidata.org/entity/Q43911511,James Oswald,Prestonpans,Male,-2.961 ,55.9597
http://www.wikidata.org/entity/Q43912508,James Raith,Edmonstone,Male,-3.115893 ,55.917566
http://www.wikidata.org/entity/Q43912606,James Richardson,"Smeaton, East Lothian",Male,-2.6525 ,55.9986
http://www.wikidata.org/entity/Q43911715,James Rig,"Carberry, East Lothian",Male,-3.028 ,55.918
http://www.wikidata.org/entity/Q43915324,James Rutherford,"Smeaton, East Lothian",Male,-2.6525 ,55.9986
http://www.wikidata.org/entity/Q43913597,James Sloss,Bo'ness,Male,-3.608911111 ,56.016811111
http://www.wikidata.org/entity/Q43912602,James Steidman,Kinross,Male,-3.42 ,56.2
http://www.wikidata.org/entity/Q43914528,James Threepland,Biggar,Male,-3.5158 ,55.6221
http://www.wikidata.org/entity/Q43910657,James Veitch,Lanarkshire,Male,-3.833333333 ,55.583333333
http://www.wikidata.org/entity/Q43911231,James Wallace,Pollok,Male,-4.3524 ,55.8247
http://www.wikidata.org/entity/Q43915166,James Weymss,Fife,Male,-3.2 ,56.25
http://www.wikidata.org/entity/Q43914445,James Williamson,Peebles,Male,-3.18 ,55.65
http://www.wikidata.org/entity/Q43915246,James Young,Edinburgh,Male,-3.1989 ,55.95
http://www.wikidata.org/entity/Q43913538,James Yule,Keith,Male,-2.9555 ,57.5428
http://www.wikidata.org/entity/Q43915885,Janet Borthwick,Crichton,Male,-2.98249 ,55.8471
http://www.wikidata.org/entity/Q43911111,John Aitken,Orkney Islands,Male,-3.0 ,59.0
http://www.wikidata.org/entity/Q43913359,John Alexander,Renfrew,Male,-4.366666666 ,55.866666666
http://www.wikidata.org/entity/Q43914229,John Arniston,"Arniston, Midlothian",Male,-3.05 ,55.83
http://www.wikidata.org/entity/Q43910748,John Baillie,Haddington,Male,-2.78332 ,55.95612
http://www.wikidata.org/entity/Q43910544,John Bain,Delny,Male,-4.1505 ,57.7207
http://www.wikidata.org/entity/Q43916126,John Balfour,Haddington,Male,-2.78332 ,55.95612
http://www.wikidata.org/entity/Q43910578,John Begbie,Bolton,Male,-2.79042 ,55.9205
http://www.wikidata.org/entity/Q43915253,John Bowman,Liberton,Male,-3.1619 ,55.9144
http://www.wikidata.org/entity/Q43913080,John Brisbane,Bishopton,Male,-4.50518 ,55.9084
http://www.wikidata.org/entity/Q43915678,John Burnet,West Barns,Male,-2.553 ,55.9937
http://www.wikidata.org/entity/Q43915615,John Cahowne,Luss,Male,-4.644722222 ,56.096944444
http://www.wikidata.org/entity/Q43914412,John Cairns,Ormiston,Male,-2.94306 ,55.9122
http://www.wikidata.org/entity/Q43915312,John Cook,Dalkeith,Male,-3.068332 ,55.893642
http://www.wikidata.org/entity/Q43911262,John Cooper,Gogar,Male,-3.33333 ,55.9167
http://www.wikidata.org/entity/Q43915959,John Cor,Prestonpans,Male,-2.961 ,55.9597
http://www.wikidata.org/entity/Q43912316,John Cranstoun,Cranston,Male,-2.9752 ,55.8846
http://www.wikidata.org/entity/Q43913288,John Dalrymple,"Waterside, East Dunbartonshire",Male,-4.1193 ,55.9337
http://www.wikidata.org/entity/Q43913223,John Dalyell,Newton,Male,-3.069835 ,55.917035
http://www.wikidata.org/entity/Q43915363,John Dobie,Dalkeith,Male,-3.068332 ,55.893642
http://www.wikidata.org/entity/Q43910721,John Eastone,Haddington,Male,-2.78332 ,55.95612
http://www.wikidata.org/entity/Q43915076,John Fin,Whitehill,Male,-3.030577 ,55.886446
http://www.wikidata.org/entity/Q43913639,John Finlayson,Bo'ness,Male,-3.608911111 ,56.016811111
http://www.wikidata.org/entity/Q43914501,John Fleming,Wigtown,Male,-4.443888888 ,54.8675
http://www.wikidata.org/entity/Q43915288,John Goodall,Liberton,Male,-3.1619 ,55.9144
http://www.wikidata.org/entity/Q43914081,John Halden,Gleneagles,Male,-3.7525 ,56.280833
http://www.wikidata.org/entity/Q43910552,John Haliburton,"Muirhouses, Falkirk",Male,-3.576 ,56.007
http://www.wikidata.org/entity/Q43915301,John Howlet,Newton,Male,-3.069835 ,55.917035
http://www.wikidata.org/entity/Q43912461,John Hunter,Cousland,Male,-2.995274 ,55.904962
http://www.wikidata.org/entity/Q43912046,John Johnston,Polton,Male,-3.13333 ,55.8667
http://www.wikidata.org/entity/Q43912188,John Kinloch,Dundee,Male,-2.97 ,56.464
http://www.wikidata.org/entity/Q43910923,John Leslie,Aberdeen,Male,-2.1 ,57.15
http://www.wikidata.org/entity/Q43911605,John MacIlverie,Dalavich,Male,-5.28611 ,56.2614
http://www.wikidata.org/entity/Q43913296,John MacKartny,Dumfries,Male,-3.616666666 ,55.066666666
http://www.wikidata.org/entity/Q43912172,John MacLeod,Dunvegan,Male,-6.58 ,57.44
http://www.wikidata.org/entity/Q43911503,John MacMorran,Prestonpans,Male,-2.961 ,55.9597
http://www.wikidata.org/entity/Q43910713,John Maxwell,Renfrew,Male,-4.366666666 ,55.866666666
http://www.wikidata.org/entity/Q43911717,John Preston,Airdrie,Male,-3.98 ,55.86
http://www.wikidata.org/entity/Q43912074,John Pringle,"Woodhead, Aberdeenshire",Male,-2.35 ,57.436
http://www.wikidata.org/entity/Q43912290,John Sanders,Gogar,Male,-3.33333 ,55.9167
http://www.wikidata.org/entity/Q43913812,John Seton,West Barns,Male,-2.553 ,55.9937
http://www.wikidata.org/entity/Q43912106,John Shaw,Greenock,Male,-4.766666666 ,55.95
http://www.wikidata.org/entity/Q43915334,John Sheil,Dalkeith,Male,-3.068332 ,55.893642
http://www.wikidata.org/entity/Q43915373,John Steven,Dalkeith,Male,-3.068332 ,55.893642
http://www.wikidata.org/entity/Q43911241,John Stevenson,Pollok,Male,-4.3524 ,55.8247
http://www.wikidata.org/entity/Q43912914,John Turnbull,"Minto, Scottish Borders",Male,-2.6872 ,55.4739
http://www.wikidata.org/entity/Q43911228,John Wallace,Pollok,Male,-4.3524 ,55.8247
http://www.wikidata.org/entity/Q43915369,John Watson,Dalkeith,Male,-3.068332 ,55.893642
http://www.wikidata.org/entity/Q43911323,John Wauchope,"Niddrie, Edinburgh",Male,-3.11444 ,55.9319
http://www.wikidata.org/entity/Q43912201,John Wedderburn,"Blackness, Falkirk",Male,-3.522011111 ,56.003652777
http://www.wikidata.org/entity/Q43914040,John Weir,Auldearn,Male,-3.81595 ,57.5765
http://www.wikidata.org/entity/Q43916177,John Wilke,Berwick-upon-Tweed,Male,-2.0 ,55.7667
http://www.wikidata.org/entity/Q43912835,John Williamson,Abernethy,Male,-3.310927777 ,56.326491666
http://www.wikidata.org/entity/Q43915153,"Johnne, Erskine",Coaltown of Balgonie,Male,-3.133129 ,56.183553
http://www.wikidata.org/entity/Q43914314,Johnstone George,Johnstone,Male,-4.5 ,55.833333333
http://www.wikidata.org/entity/Q43913030,Joseph Hart,Chapel,Male,-2.376 ,55.809
http://www.wikidata.org/entity/Q43911668,Lachlan MacIntosh,Dunachton,Male,-3.950359 ,57.118044
http://www.wikidata.org/entity/Q43914551,Lawrence Scott,Clerkington,Male,-2.791277 ,55.944189
http://www.wikidata.org/entity/Q43915280,M Mackaile,Liberton,Male,-3.1619 ,55.9144
http://www.wikidata.org/entity/Q43913252,MacCulloch,Ardwell,Male,-4.941 ,54.771
http://www.wikidata.org/entity/Q43913570,Malcolm Greive,Keith,Male,-2.9555 ,57.5428
http://www.wikidata.org/entity/Q43914860,Margaret Stewart,Dunkeld,Male,-3.583333333 ,56.558333333
http://www.wikidata.org/entity/Q43914889,Mark Boswell,Crichton,Male,-2.98249 ,55.8471
http://www.wikidata.org/entity/Q43912505,Mark Casse,Cockpen,Male,-3.089 ,55.8618
http://www.wikidata.org/entity/Q43913898,Mark Home,Chirnside,Male,-2.209 ,55.8021
http://www.wikidata.org/entity/Q43914863,Marshall,Dunkeld,Male,-3.583333333 ,56.558333333
http://www.wikidata.org/entity/Q43915314,Mathew Lawrne,Dalkeith,Male,-3.068332 ,55.893642
http://www.wikidata.org/entity/Q43913961,Maxwell,Dalswinton,Male,-3.66667 ,55.15
http://www.wikidata.org/entity/Q43914495,Michael Deiver,"Kirkton, Scottish Borders",Male,-2.7291 ,55.4166
http://www.wikidata.org/entity/Q43912409,Mitchell Balfour,Pitmedden,Male,-2.18 ,57.337
http://www.wikidata.org/entity/Q43912455,Mungo Murray,Caerlaverock,Male,-3.5256 ,54.977
http://www.wikidata.org/entity/Q43912321,Nicoll Rutherford,Hundalee,Male,-2.56034 ,55.4615
http://www.wikidata.org/entity/Q43911675,Ninian Bannatyne,"Kames, Argyll",Male,-5.24306 ,55.8919
http://www.wikidata.org/entity/Q43911505,Ninian Henderson,Prestonpans,Male,-2.961 ,55.9597
http://www.wikidata.org/entity/Q43911518,Ninian Reid,Prestonpans,Male,-2.961 ,55.9597
http://www.wikidata.org/entity/Q43910587,Patrick Begbie,Bolton,Male,-2.79042 ,55.9205
http://www.wikidata.org/entity/Q43912788,Patrick Boig,Burnhouse,Male,-4.57633 ,55.7194
http://www.wikidata.org/entity/Q43910845,Patrick Dausone,Haddington,Male,-2.78332 ,55.95612
http://www.wikidata.org/entity/Q43910559,Patrick Don,Kelso,Male,-2.416666666 ,55.583333333
http://www.wikidata.org/entity/Q43911274,Patrick Gordon,Kincraig,Male,-3.9341 ,57.1283
http://www.wikidata.org/entity/Q43912633,Patrick Hamilton,"Preston, East Lothian",Male,-2.979 ,55.9547
http://www.wikidata.org/entity/Q43915266,Patrick Heriot,Liberton,Male,-3.1619 ,55.9144
http://www.wikidata.org/entity/Q43912163,Patrick Home,"Polwarth, Scottish Borders",Male,-2.40775 ,55.7445
http://www.wikidata.org/entity/Q43912104,Patrick Houstoun,Houston,Male,-4.552069444 ,55.866969444
http://www.wikidata.org/entity/Q43911553,Patrick Inglis,Elvingston,Male,-2.86421 ,55.9594
http://www.wikidata.org/entity/Q43913792,Patrick Learmouth,Dairsie,Male,-2.94578 ,56.3468
http://www.wikidata.org/entity/Q43912276,Patrick Murray,Kincraig,Male,-3.9341 ,57.1283
http://www.wikidata.org/entity/Q43915119,Patrick Thomson,Duddingston,Male,-3.14673 ,55.9416
http://www.wikidata.org/entity/Q43912196,Patrick Zeaman,Dryburgh,Male,-2.65 ,55.579
http://www.wikidata.org/entity/Q43912260,Philip Anstruther,Anstruther,Male,-2.70274 ,56.2234
http://www.wikidata.org/entity/Q43913576,Richard Dalgleish,"Woodhead, Aberdeenshire",Male,-2.35 ,57.436
http://www.wikidata.org/entity/Q43913594,Richard Dalling,Bo'ness,Male,-3.608911111 ,56.016811111
http://www.wikidata.org/entity/Q43914611,Richard Douglas,"Linton, Scottish Borders",Male,-2.3588 ,55.5304
http://www.wikidata.org/entity/Q43912052,Richard Elphinstone,Airth,Male,-3.776 ,56.067
http://www.wikidata.org/entity/Q43910596,Richard Mathie,Bolton,Male,-2.79042 ,55.9205
http://www.wikidata.org/entity/Q43913882,Richard Turnbull,Haddington,Male,-2.78332 ,55.95612
http://www.wikidata.org/entity/Q43913770,Richard Waddell,Stenton,Male,-2.6 ,55.95
http://www.wikidata.org/entity/Q43915144,Robert Acheson,"Niddrie, Edinburgh",Male,-3.11444 ,55.9319
http://www.wikidata.org/entity/Q43910572,Robert Alexander,Renfrew,Male,-4.366666666 ,55.866666666
http://www.wikidata.org/entity/Q43914865,Robert Boyd,Dunkeld,Male,-3.583333333 ,56.558333333
http://www.wikidata.org/entity/Q43913759,Robert Burnie,Clackmannan,Male,-3.74652 ,56.1091
http://www.wikidata.org/entity/Q43914236,Robert Cairns,Pencaitland,Male,-2.89098 ,55.91
http://www.wikidata.org/entity/Q43914207,Robert Cuthbertson,Bo'ness,Male,-3.608911111 ,56.016811111
http://www.wikidata.org/entity/Q43912453,Robert Darleith,Dunbar,Male,-2.522777777 ,55.998333333
http://www.wikidata.org/entity/Q43914389,Robert Derner,Inveresk,Male,-3.0468 ,55.9366
http://www.wikidata.org/entity/Q43915261,Robert Donham,Liberton,Male,-3.1619 ,55.9144
http://www.wikidata.org/entity/Q43915378,Robert Dunlop,Dalkeith,Male,-3.068332 ,55.893642
http://www.wikidata.org/entity/Q43916211,Robert Ged,Fife,Male,-3.2 ,56.25
http://www.wikidata.org/entity/Q43915825,Robert Grahame,Mill of Morphie,Male,-2.4706 ,56.7563
http://www.wikidata.org/entity/Q43914105,Robert Gray,Creich,Male,-3.08893 ,56.3787
http://www.wikidata.org/entity/Q43914364,Robert Hart,St Johns,Male,-2.1033 ,55.8107
http://www.wikidata.org/entity/Q43912071,Robert Hepburn,Keith,Male,-2.9555 ,57.5428
http://www.wikidata.org/entity/Q43913765,Robert Home,Haddington,Male,-2.78332 ,55.95612
http://www.wikidata.org/entity/Q43914436,Robert Hunter,Polmood,Male,-3.4 ,55.5333
http://www.wikidata.org/entity/Q43915259,Robert Law,Liberton,Male,-3.1619 ,55.9144
http://www.wikidata.org/entity/Q43915013,Robert Logie,South Queensferry,Male,-3.4 ,55.9875
http://www.wikidata.org/entity/Q43913527,Robert Menteith,Orkney Islands,Male,-3.0 ,59.0
http://www.wikidata.org/entity/Q43912746,Robert Montgomery,"Hazlehead, Aberdeen",Male,-2.17929 ,57.14254
http://www.wikidata.org/entity/Q43911664,Robert Munro,Fowlis,Male,-3.104455 ,56.487736
http://www.wikidata.org/entity/Q43915228,Robert Parker,Edinburgh,Male,-3.1989 ,55.95
http://www.wikidata.org/entity/Q43915965,Robert Peldane,Prestonpans,Male,-2.961 ,55.9597
http://www.wikidata.org/entity/Q43915318,Robert Porteous,Newbattle,Male,-3.0775 ,55.8817
http://www.wikidata.org/entity/Q43912488,Robert Preston,"Preston, East Lothian",Male,-2.979 ,55.9547
http://www.wikidata.org/entity/Q43910554,Robert Pringle,Clifton,Male,-2.29383 ,55.529429
http://www.wikidata.org/entity/Q43910574,Robert Sempill,Renfrew,Male,-4.366666666 ,55.866666666
http://www.wikidata.org/entity/Q43913202,Robert Stratton,Straiton,Male,-4.5515 ,55.3114
http://www.wikidata.org/entity/Q43911189,Robert Wright,Clackmannan,Male,-3.74652 ,56.1091
http://www.wikidata.org/entity/Q43912177,Ronald MacDonald,Benbecula,Male,-7.31964 ,57.4458
http://www.wikidata.org/entity/Q43915267,Ronald Ritchison,Liberton,Male,-3.1619 ,55.9144
http://www.wikidata.org/entity/Q43912897,Rory MacKenzie,"Kilmuir, Black Isle",Male,-4.2219 ,57.5182
http://www.wikidata.org/entity/Q43914594,Rory McKenzie,Kintail,Male,-5.3522 ,57.2058
http://www.wikidata.org/entity/Q43916164,Samuel Douglas,Eyemouth,Male,-2.090555555 ,55.869444444
http://www.wikidata.org/entity/Q43914535,Samuel Johnston,"Elphinstone, East Lothian",Male,-2.966 ,55.922
http://www.wikidata.org/entity/Q43912056,Sandilands,Hilderston,Male,-3.652 ,55.9224
http://www.wikidata.org/entity/Q43911723,Simon Ramsay,Whitehill,Male,-3.030577 ,55.886446
http://www.wikidata.org/entity/Q43912149,Sinclair,Scalloway,Male,-1.266666666 ,60.133333333
http://www.wikidata.org/entity/Q43914484,Tait George,Pirn,Male,-3.05357 ,55.622546
http://www.wikidata.org/entity/Q43911951,Theodore Hay,Peebles,Male,-3.18 ,55.65
http://www.wikidata.org/entity/Q43911255,Thomas Biggart,Polloktoun,Male,-4.303161 ,55.821571
http://www.wikidata.org/entity/Q43914552,Thomas Boyd,Temple,Male,-3.08333 ,55.8
http://www.wikidata.org/entity/Q43915358,Thomas Calderwood,Dalkeith,Male,-3.068332 ,55.893642
http://www.wikidata.org/entity/Q43914366,Thomas Cranstoun,"Birkenside, Scottish Borders",Male,-2.7 ,55.67
http://www.wikidata.org/entity/Q43911776,Thomas Crichton,Duddingston,Male,-3.14673 ,55.9416
http://www.wikidata.org/entity/Q43912864,Thomas Dunbar,Grange,Male,-1.8083 ,57.5064
http://www.wikidata.org/entity/Q43915367,Thomas Elder,Dalkeith,Male,-3.068332 ,55.893642
http://www.wikidata.org/entity/Q43913672,Thomas Ferguson,Dumfries,Male,-3.616666666 ,55.066666666
http://www.wikidata.org/entity/Q43915895,Thomas Finlayson,Fala,Male,-2.88333 ,55.8333
http://www.wikidata.org/entity/Q43914392,Thomas Foreman,Inveresk,Male,-3.0468 ,55.9366
http://www.wikidata.org/entity/Q43910693,Thomas Foulis,Haddington,Male,-2.78332 ,55.95612
http://www.wikidata.org/entity/Q43914542,Thomas Geddes,Mossfennan,Male,-3.4012 ,55.5707
http://www.wikidata.org/entity/Q43914897,Thomas Gourlay,Dalkeith,Male,-3.068332 ,55.893642
http://www.wikidata.org/entity/Q43915310,Thomas Greive,Dalkeith,Male,-3.068332 ,55.893642
http://www.wikidata.org/entity/Q43911773,Thomas Haderstone,Duddingston,Male,-3.14673 ,55.9416
http://www.wikidata.org/entity/Q43915340,Thomas Harris,Dalkeith,Male,-3.068332 ,55.893642
http://www.wikidata.org/entity/Q43915748,Thomas Inglis,Lanark,Male,-3.77702 ,55.6749
http://www.wikidata.org/entity/Q43910594,Thomas MacCoul,Bolton,Male,-2.79042 ,55.9205
http://www.wikidata.org/entity/Q43916139,Thomas MacLellan,Kirkcudbright,Male,-4.051666666 ,54.835277777
http://www.wikidata.org/entity/Q43911705,Thomas Meggat,Masterton,Male,-3.412074 ,56.049019
http://www.wikidata.org/entity/Q43912680,Thomas Moncreiff,Fife,Male,-3.2 ,56.25
http://www.wikidata.org/entity/Q43915893,Thomas Rae,Fala,Male,-2.88333 ,55.8333
http://www.wikidata.org/entity/Q43913728,Thomas Renton,"Preston, East Lothian",Male,-2.979 ,55.9547
http://www.wikidata.org/entity/Q43914394,Thomas Snaith,Inveresk,Male,-3.0468 ,55.9366
http://www.wikidata.org/entity/Q43916121,Thomas Stewart,Ryland,Male,-2.5693 ,57.6127
http://www.wikidata.org/entity/Q43916034,Thomas Tulloch,Edinburgh,Male,-3.1989 ,55.95
http://www.wikidata.org/entity/Q43914919,Thomas Urquhart,Cromarty,Male,-4.03701 ,57.6816
http://www.wikidata.org/entity/Q43915205,Thomas Wardlaw,Logie Coldstone,Male,-2.93528 ,57.1267
http://www.wikidata.org/entity/Q43915815,Tod Patrick,Balmain,Male,-2.5773 ,56.8422
http://www.wikidata.org/entity/Q43911136,W. Robert Murray,Shetland Islands,Male,-1.2689 ,60.3038
http://www.wikidata.org/entity/Q43915294,Walter Ayton,Liberton,Male,-3.1619 ,55.9144
http://www.wikidata.org/entity/Q43912992,Walter Bonnar,Gourock,Male,-4.82 ,55.95
http://www.wikidata.org/entity/Q43916132,Walter Cornwall,Bonhard,Male,-3.5754 ,56.0005
http://www.wikidata.org/entity/Q43912221,Walter Lockhart,"Kirkton, Scottish Borders",Male,-2.7291 ,55.4166
http://www.wikidata.org/entity/Q43916245,Walter Marshall,Dirleton,Male,-2.785 ,56.048
http://www.wikidata.org/entity/Q43911127,Walter Stewart,Orkney Islands,Male,-3.0 ,59.0
http://www.wikidata.org/entity/Q43913292,Walter Sword,Stirling,Male,-3.9369 ,56.1166
http://www.wikidata.org/entity/Q43914968,William Arnott,Cockburnspath,Male,-2.36018 ,55.9329
http://www.wikidata.org/entity/Q43911554,William Baillie,"Lamington, South Lanarkshire",Male,-3.61833 ,55.5628
http://www.wikidata.org/entity/Q43911993,William Baird,New Byth,Male,-2.3 ,57.574
http://www.wikidata.org/entity/Q43913529,William Bannatyne,Orkney Islands,Male,-3.0 ,59.0
http://www.wikidata.org/entity/Q43912148,William Bruce,Sumburgh,Male,-1.28333 ,59.8667
http://www.wikidata.org/entity/Q43911886,William Burnet,West Barns,Male,-2.553 ,55.9937
http://www.wikidata.org/entity/Q43915308,William Chalmer,Dalkeith,Male,-3.068332 ,55.893642
http://www.wikidata.org/entity/Q43912323,William Cranstoun,Cranston,Male,-2.9752 ,55.8846
http://www.wikidata.org/entity/Q43914728,William Cuthbert,Inverness,Male,-4.225833333 ,57.483888888
http://www.wikidata.org/entity/Q43913334,William Cuthbertson,Prestonpans,Male,-2.961 ,55.9597
http://www.wikidata.org/entity/Q43914398,William Duncan,Musselburgh,Male,-3.0472 ,55.9433
http://www.wikidata.org/entity/Q43916147,William Falconer,Moray,Male,-3.25 ,57.4167
http://www.wikidata.org/entity/Q43911129,William Flett,Orphir,Male,-3.15 ,58.9333
http://www.wikidata.org/entity/Q43914481,William Govan,"Cardrona, Scottish Borders",Male,-3.1121 ,55.6401
http://www.wikidata.org/entity/Q43914935,William Home,North Berwick,Male,-2.717 ,56.058
http://www.wikidata.org/entity/Q43913331,William Hutchison,Prestonpans,Male,-2.961 ,55.9597
http://www.wikidata.org/entity/Q43911811,William Little,Liberton,Male,-3.1619 ,55.9144
http://www.wikidata.org/entity/Q43914696,William Livingston,Kilsyth,Male,-4.06 ,55.98
http://www.wikidata.org/entity/Q43912212,William Lowrie,Blackwood,Male,-4.049 ,55.943
http://www.wikidata.org/entity/Q43912694,William MacKurd,Dumfries,Male,-3.616666666 ,55.066666666
http://www.wikidata.org/entity/Q43912374,William Meggat,Masterton,Male,-3.412074 ,56.049019
http://www.wikidata.org/entity/Q43912630,William Murray,Falkland,Male,-3.2 ,56.25
http://www.wikidata.org/entity/Q43912269,William Ord,"Carnbee, Scotland",Male,-2.75 ,56.25
http://www.wikidata.org/entity/Q43911526,William Rig,"Carberry, East Lothian",Male,-3.028 ,55.918
http://www.wikidata.org/entity/Q43912263,William Scott,Ardross,Male,-4.34 ,57.73
http://www.wikidata.org/entity/Q43915467,William Sempill,Dumbarton,Male,-4.547222222 ,55.948611111
http://www.wikidata.org/entity/Q43913540,William Sheil,Keith,Male,-2.9555 ,57.5428
http://www.wikidata.org/entity/Q43913563,William Simpson,Lothian,Male,-3.0844 ,55.9092
http://www.wikidata.org/entity/Q43914941,William Sinclair,West Barns,Male,-2.553 ,55.9937
http://www.wikidata.org/entity/Q43914240,William Skirving,Livingston,Male,-3.5157 ,55.8834
http://www.wikidata.org/entity/Q43912119,William Stirling,Law,Male,-3.88258 ,55.7501
http://www.wikidata.org/entity/Q43913393,William Wadropen,"Kilrenny, Anstruther Easter and Anstruther Wester",Male,-2.687 ,56.234
